<?xml version="1.0" encoding="UTF-8"?>
<timetabling>
    <instructorsList>
        <instructor>
            <id>1</id>
            <name>1</name>
            <busy>
                <day>2</day>
                <slot>4</slot>
            </busy>
            <busy>
                <day>3</day>
                <slot>2</slot>
            </busy>
        </instructor>

        <instructor>
            <id>2</id>
            <name>2</name>

        </instructor>

        <instructor>
            <id>3</id>
            <name>3</name>
        </instructor>

        <instructor>
            <id>4</id>
            <name>4</name>
        </instructor>

        <instructor>
            <id>5</id>
            <name>5</name>
        </instructor>

        <instructor>
            <id>6</id>
            <name>6</name>
        </instructor>

        <instructor>
            <id>7</id>
            <name>7</name>
        </instructor>

        <instructor>
            <id>8</id>
            <name>8</name>
        </instructor>

        <instructor>
            <id>9</id>
            <name>9</name>
        </instructor>

        <instructor>
            <id>10</id>
            <name>10</name>
        </instructor>

        <instructor>
            <id>11</id>
            <name>11</name>
        </instructor>

        <instructor>
            <id>12</id>
            <name>12</name>
        </instructor>

        <instructor>
            <id>13</id>
            <name>13</name>
        </instructor>

        <instructor>
            <id>14</id>
            <name>14</name>
        </instructor>

        <instructor>
            <id>15</id>
            <name>15</name>
        </instructor>

        <instructor>
            <id>16</id>
            <name>16</name>
        </instructor>

        <instructor>
            <id>17</id>
            <name>17</name>
        </instructor>

        <instructor>
            <id>18</id>
            <name>18</name>
        </instructor>

        <instructor>
            <id>19</id>
            <name>19</name>
            <busy>
                <day>4</day>
                <slot>1</slot>
            </busy>
            <busy>
                <day>4</day>
                <slot>2</slot>
            </busy>
            <busy>
                <day>4</day>
                <slot>3</slot>
            </busy>
        </instructor>

        <instructor>
            <id>20</id>
            <name>20</name>
            <busy>
                <day>1</day>
                <slot>1</slot>
            </busy>
            <busy>
                <day>1</day>
                <slot>2</slot>
            </busy>
        </instructor>


        <instructor>
            <id>21</id>
            <name>21</name>
        </instructor>

        <instructor>
            <id>22</id>
            <name>22</name>
            <busy>
                <day>4</day>
                <slot>1</slot>
            </busy>
            <busy>
                <day>4</day>
                <slot>4</slot>
            </busy>

        </instructor>

        <instructor>
            <id>23</id>
            <name>23</name>
        </instructor>

        <instructor>
            <id>24</id>
            <name>24</name>
        </instructor>

        <instructor>
            <id>25</id>
            <name>25</name>
        </instructor>

        <instructor>
            <id>26</id>
            <name>26</name>
        </instructor>

        <instructor>
            <id>27</id>
            <name>27</name>
        </instructor>

        <instructor>
            <id>28</id>
            <name>28</name>
        </instructor>

        <instructor>
            <id>29</id>
            <name>29</name>
        </instructor>

        <instructor>
            <id>30</id>
            <name>30</name>
            <busy>
                <day>5</day>
                <slot>4</slot>
            </busy>
            <busy>
                <day>3</day>
                <slot>2</slot>
            </busy>
        </instructor>
    </instructorsList>

    <coursesList>
        <course>
            <id>1</id>
            <name>Duong loi CM cua Dang CS VN</name>
            <instructor>1</instructor>
            <nbrSlots>3</nbrSlots>
            <classList>
                <class>LUH10</class>
                <class>NUT10</class>
                <class>VUW10A</class>
            </classList>
        </course>

        <course>
            <id>2</id>
            <name>Ly thuyet mach</name>
            <instructor>2</instructor>
            <nbrSlots>3</nbrSlots>
            <classList>
                <class>LUH10</class>
            </classList>
        </course>

        <course>
            <id>3</id>
            <name>Nguyen Ly may</name>
            <instructor>3</instructor>
            <nbrSlots>3</nbrSlots>
            <classList>
                <class>NUT10</class>
            </classList>
        </course>

        <course>
            <id>4</id>
            <name>Tieng Anh 4</name>
            <instructor>4</instructor>
            <nbrSlots>2</nbrSlots>
            <classList>
                <class>NUT10</class>
            </classList>
        </course>

        <course>
            <id>5</id>
            <name>Tieng Duc 4</name>
            <instructor>5</instructor>
            <nbrSlots>3</nbrSlots>
            <classList>
                <class>LUH10</class>
            </classList>
        </course>

        <course>
            <id>6</id>
            <name>Nhap mon co dien tu</name>
            <instructor>6</instructor>
            <nbrSlots>4</nbrSlots>
            <classList>
                <class>NUT10</class>
            </classList>
        </course>

        <course>
            <id>7</id>
            <name>Co so KT do luong</name>
            <instructor>6</instructor>
            <nbrSlots>2</nbrSlots>
            <classList>
                <class>LUH10</class>
            </classList>
        </course>

        <course>
            <id>8</id>
            <name>Tieng Anh A2</name>
            <instructor>8</instructor>
            <nbrSlots>4</nbrSlots>
            <classList>
                <class>LUH10</class>
            </classList>
        </course>

        <course>
            <id>9</id>
            <name>Co hoc KT II</name>
            <instructor>9</instructor>
            <nbrSlots>4</nbrSlots>
            <classList>
                <class>NUT10</class>
            </classList>
        </course>

        <course>
            <id>10</id>
            <name>Tieng Anh 4</name>
            <instructor>10</instructor>
            <nbrSlots>2</nbrSlots>
            <classList>
                <class>NUT10</class>
            </classList>
        </course>

        <course>
            <id>11</id>
            <name>Tieng Duc 4</name>
            <instructor>11</instructor>
            <nbrSlots>3</nbrSlots>
            <classList>
                <class>LUH10</class>
            </classList>
        </course>

        <course>
            <id>12</id>
            <name>Suc ben vat lieu</name>
            <instructor>12</instructor>
            <nbrSlots>4</nbrSlots>
            <classList>
                <class>NUT10</class>
            </classList>
        </course>

        <course>
            <id>13</id>
            <name>Cau kien dien tu</name>
            <instructor>12</instructor>
            <nbrSlots>3</nbrSlots>
            <classList>
                <class>LUH10</class>
            </classList>
        </course>

        <course>
            <id>14</id>
            <name>Ngon ngu lap trinh</name>
            <instructor>14</instructor>
            <nbrSlots>3</nbrSlots>
            <classList>
                <class>LUH10</class>
            </classList>
        </course>

        <course>
            <id>15</id>
            <name>Ky thuat do hoa</name>
            <instructor>15</instructor>
            <nbrSlots>4</nbrSlots>
            <classList>
                <class>NUT10</class>
            </classList>
        </course>

        <course>
            <id>16</id>
            <name>Cau truc du lieu va giai thuat</name>
            <instructor>16</instructor>
            <nbrSlots>4</nbrSlots>
            <classList>
                <class>LTU10A</class>
            </classList>
        </course>

        <course>
            <id>17</id>
            <name>Toan roi rac</name>
            <instructor>17</instructor>
            <nbrSlots>4</nbrSlots>
            <classList>
                <class>LTU10A</class>
            </classList>
        </course>

        <course>
            <id>18</id>
            <name>Kien truc may tinh</name>
            <instructor>9</instructor>
            <nbrSlots>4</nbrSlots>
            <classList>
                <class>LTU10A</class>
            </classList>
        </course>

        <course>
            <id>19</id>
            <name>He Dieu Hanh</name>
            <instructor>19</instructor>
            <nbrSlots>4</nbrSlots>
            <classList>
                <class>LTU10A</class>
            </classList>
        </course>

        <course>
            <id>20</id>
            <name>Java nang cao</name>
            <instructor>20</instructor>
            <nbrSlots>4</nbrSlots>
            <classList>
                <class>LTU10A</class>
            </classList>
        </course>

        <course>
            <id>21</id>
            <name>Nhap mon CNTT va TT</name>
            <instructor>21</instructor>
            <nbrSlots>2</nbrSlots>
            <classList>
                <class>LTU10B</class>
            </classList>
        </course>

        <course>
            <id>22</id>
            <name>Xac suat thong ke</name>
            <instructor>22</instructor>
            <nbrSlots>4</nbrSlots>
            <classList>
                <class>LTU10B</class>
            </classList>
        </course>

        <course>
            <id>23</id>
            <name>Vat Ly dai cuong III</name>
            <instructor>23</instructor>
            <nbrSlots>3</nbrSlots>
            <classList>
                <class>LTU10B</class>
            </classList>
        </course>

        <course>
            <id>24</id>
            <name>Tu tuong HCM</name>
            <instructor>24</instructor>
            <nbrSlots>2</nbrSlots>
            <classList>
                <class>LTU10B</class>
            </classList>
        </course>

        <course>
            <id>25</id>
            <name>Tin hoc dai cuong</name>
            <instructor>25</instructor>
            <nbrSlots>4</nbrSlots>
            <classList>
                <class>LTU10B</class>
            </classList>
        </course>

        <course>
            <id>26</id>
            <name>Duong loi CM cua Dang CSVN</name>
            <instructor>19</instructor>
            <nbrSlots>3</nbrSlots>
            <classList>
                <class>LTU10B</class>
            </classList>
        </course>

        <course>
            <id>27</id>
            <name>Tin hoc dai cuong</name>
            <instructor>27</instructor>
            <nbrSlots>4</nbrSlots>
            <classList>
                <class>VUW10B</class>
            </classList>
        </course>

        <course>
            <id>28</id>
            <name>Tu tuong HCM</name>
            <instructor>28</instructor>
            <nbrSlots>2</nbrSlots>
            <classList>
                <class>VUW10B</class>
            </classList>
        </course>

        <course>
            <id>29</id>
            <name>Kinh te hoc vi mo (micro)</name>
            <instructor>29</instructor>
            <nbrSlots>4</nbrSlots>
            <classList>
                <class>VUW10B</class>
            </classList>
        </course>

        <course>
            <id>30</id>
            <name>Toan kinh te</name>
            <instructor>30</instructor>
            <nbrSlots>3</nbrSlots>
            <classList>
                <class>VUW10B</class>
            </classList>
        </course>

    </coursesList>
</timetabling>
